{
  "statusCode": 200,
  "body": {
    "latency": 0.015810251235961914,
    "start_time": 1703954137.755925,
    "uuid": "1234",
    "num_of_rows": 10,
    "num_of_cols": 10,
    "test_name": "chameleon"
  }
}